/*
Navicat MySQL Data Transfer

Source Server         : localhost
Source Server Version : 50024
Source Host           : localhost:3306
Source Database       : hulumei_test

Target Server Type    : MYSQL
Target Server Version : 50024
File Encoding         : 65001

Date: 2013-07-14 14:58:26
*/

SET FOREIGN_KEY_CHECKS=0;

-- ----------------------------
-- Table structure for `address`
-- ----------------------------
DROP TABLE IF EXISTS `address`;
CREATE TABLE `address` (
  `id` bigint(20) NOT NULL auto_increment,
  `name` varchar(255) default NULL,
  `phone` varchar(255) default NULL,
  `address_detail` varchar(255) default NULL,
  `method_to_there` varchar(255) default NULL,
  PRIMARY KEY  (`id`)
) ENGINE=InnoDB DEFAULT CHARSET=utf8;

-- ----------------------------
-- Records of address
-- ----------------------------
INSERT INTO `address` VALUES ('1', '汉堡王西单大悦城店', '010-59716392', '西城区西单北大街甲131号西单大悦城3楼20号商铺(近君太百货)', '公交：10路、22路、38路、46路、68路、83路、102路、105路、109路、603路、626路、690路、808路、826路、47路西单商场站；地铁：地铁1号线、4号线西单站');
INSERT INTO `address` VALUES ('2', '好伦哥(魏公村店)', '010-68482082', '海淀区魏公村5号(理工大厦南侧)', '967;968;运通201;特8');
INSERT INTO `address` VALUES ('3', '棒约翰比萨(北京南站店)', '010-83109325', '北京市丰台区北京南站商业换乘层北区F131-F132号商铺', '地铁4号线大兴线(天宫院方向), 在 北京南站 下车');
INSERT INTO `address` VALUES ('4', '耀莱成龙国际影城（五棵松店）', '010-68188877', '海淀区复兴路69号卓展购物中心5层', '距五棵松站约792米');
INSERT INTO `address` VALUES ('5', '卢米埃影城', '400-601-0618', '朝阳区东大桥路9号侨福芳草地购物中心LG2-26（尚都SOHO对面）', '距东大桥站约288米');
INSERT INTO `address` VALUES ('6', 'CGV星星国际影城\r\nCGV星星国际影城（奥体店）', '010-84372280', '朝阳区湖景东路11号新奥购物中心B1-B2楼', '距奥林匹克公园站约169米');
INSERT INTO `address` VALUES ('7', '麦乐迪中关村店', '010-62189088', '北京市海淀区中关村南大街24号(民族大学对面)', '86');
INSERT INTO `address` VALUES ('8', '钱柜(首体店)', '010-88576588', '北京市西城区西直门外大街168号腾达大厦裙楼1楼(近首都体育馆)', '公交：特4路、27路、运通104线路、105路电车路、运通105线路、运通106线路、107路、111路、运通205线路、347路、360路区间车路、360路、362路区间车、362路、601路、632路、634路、660路、708路、714路、716路、732路、808路、814路白石桥下车；地铁：地铁4号线国家图书馆站');
INSERT INTO `address` VALUES ('9', '温莎KTV(花园店)', '010-88587777\r\n', '西三环北路87号国际财经中心B1楼(花园桥西北角)', '运通103');
INSERT INTO `address` VALUES ('10', '禧龙宾馆(夕照寺店)', '010-87191111', '北京市东城区夕照寺街14号院(近富瑞苑大厦)', '12');
INSERT INTO `address` VALUES ('11', '国汉主题酒店(志新路店)', '010-82373816', '北京市海淀区志新东路北郊加气站南侧第一栋（物美大卖场对面）', '公交16，425，635，690 志新北里下车');
INSERT INTO `address` VALUES ('12', '和缘宾馆', '010-84115632', '安定门外大街青年湖东里16号楼', '104快车、104电车、108电车、113、119、124电车、18、201夜班、328、407、426、430、558、758、75、90内环、90外环、快速公交3区间、快速公交3支线、快速公交3线、摆站119路、特11路，地坛西门站下车；地铁安定门站下车向北200米路西即是');
INSERT INTO `address` VALUES ('13', '酷姿KTV(望京店)', '010-63438888', '阜通东大街6号院4号楼方恒购物中心4楼(近华堂商场)', '：公交：656路、627路、运通101路阜通东大街站，944路、983路、983支路花家地北里站，696路花家地西里站，976站望花路东里站');
INSERT INTO `address` VALUES ('14', '赛乐堡KTV(五道口店)', '010-51515158', '双清路88号华源世纪商务楼底商（近清华大学东门）', '公交站名是清华东路西口，333路内环,333路外环,355路,438路,466路,628路,913路,963路,运通110路');
INSERT INTO `address` VALUES ('15', '音乐之声KTV', '010-85655777', '日坛北路17号(近日坛公园北门)', '快速公交2线到朝阳门或者地铁2号线朝阳门站；44、特2到雅宝路或43、28到芳草地；公交还可做到日坛路，步行过去10-15分钟');
INSERT INTO `address` VALUES ('16', '麦颂音乐街区量贩式KTV(望京店)', '010-52890500', '北京市朝阳区广顺北大街36号望京博泰国际商业中心东侧门B1楼', '地铁15号线望京站；公交420路、621路、991路、运通104路、421路宏昌路站，470路望京溪园三区站，660路、运通113路、944路后庄路口北站。');
INSERT INTO `address` VALUES ('17', '好乐迪KTV(金钻店)', '010-67700086', '朝阳区东三环南路乙52号顺迈金钻大厦1-5楼', '29路/457路/637路/37路/35路/52路/41路/743路劲松桥东站，特3路/特8路/686路/707路/974路劲松桥北站；地铁：地铁十号线劲松站东北口。');
INSERT INTO `address` VALUES ('18', 'agogo自助KTV', '010-85633333', '朝外大街三丰北里2号楼悠唐生活广场3-4楼(老番街对面)', '地铁2号线朝阳门站下车A口出，公交109路，420路，101路，846路，750路，110路，112路，75路');
INSERT INTO `address` VALUES ('19', '乐界KTV', '010-64873312', '北京市朝阳区安立路慧忠北里105号楼C段(近科荟路)地下一层', '13');
INSERT INTO `address` VALUES ('20', '名门会娱乐休闲会所', ' 010-68883331', '石景山区古城西路甲8号', '29');
INSERT INTO `address` VALUES ('21', '糖潮KTV', '010-62140299', '北京市海淀区中关村南大街32号中关村科技发展大厦（民族大学对面）', '4号线地铁到魏公村下，往南不远就是；公交：209/332/319/320/653/634/689/645/695/717/808/814/86/特4/特6/运通105/运通106/运通205 到中央民族大学下车');
INSERT INTO `address` VALUES ('22', '可乐思KTV', '010-67716689', '劲松中街劲松四区403号(近劲松电影院)', '乘地铁十号线劲松站D口出，东行左转沿劲松路走230米后左转进入劲松中街，沿劲松中街走100米即到');
INSERT INTO `address` VALUES ('23', '爆米花量贩式KTV', '010-58426666', '西直门北大街28号天方饭店北侧院内', '577');
INSERT INTO `address` VALUES ('24', '月亮人KTV', '010-88248883', '北京市丰台区靛厂路801号', '355');
INSERT INTO `address` VALUES ('25', '多佐KTV', '010-59037302', '东三环中路65号富力广场10层', '地铁10号线 37路 57路 99路 特3路 300路 28路 双井桥北下车富力广场10层');
INSERT INTO `address` VALUES ('26', '嘉华国际影城', '010-82732228', '海淀区学清路甲8号圣熙8号购物中心5层', '16路,26路,运通103路,运通105路');
INSERT INTO `address` VALUES ('27', '博纳国际影城（方庄店）', '010-67699909', '丰台区蒲黄榆路28号', '距蒲黄榆站约132米');
INSERT INTO `address` VALUES ('28', '美嘉欢乐影城', '010-59863777', '海淀区中关村大街15号中关村广场购物中心津乐汇3楼', '地铁中关村站D口出西侧');
INSERT INTO `address` VALUES ('29', '卢米埃影城', '400-601-0618', '朝阳区东大桥路9号侨福芳草地购物中心LG2-26（尚都SOHO对面）', '距东大桥站约288米');
INSERT INTO `address` VALUES ('30', '中影国际影城', '010-80700847', '昌平区北清路1号永旺国际商城购物中心3楼', '距生命科学园站约363米');
INSERT INTO `address` VALUES ('31', '爱电影网星美国际影城', '010-88878696', '海淀区远大路1号金源时代购物中心5楼东首（近蓝靛厂北路）', '距长春桥站约435米');
INSERT INTO `address` VALUES ('32', '海航天宝国际影城', '010-82994949', '朝阳区祁家豁子8号健翔大厦B1层', '距健德门站约393米');
INSERT INTO `address` VALUES ('33', '新华国际影城', '010-81297109', '大兴区黄村东大街火神庙国际商业中心E座5层', '距黄村西大街站约902米');
INSERT INTO `address` VALUES ('34', 'E票网', '010-68188877', '海淀区复兴路69号卓展购物中心5层', '距五棵松站约792米');
INSERT INTO `address` VALUES ('35', '嘉华国际影城', '010-51193399', '朝阳区姚家园路甲1号活力东方奥特莱斯购物中心4层', '57');
INSERT INTO `address` VALUES ('36', '保利望京DMC国际影城', '010-64139608', '朝阳区望京新城A3区宝星生活文化广场五层', '距望京站约557米');
INSERT INTO `address` VALUES ('37', '奥斯卡国际影城', '010-65936538', '朝阳区工体东路20号春平广场5楼', '六号地铁线东大桥站A口');
INSERT INTO `address` VALUES ('38', '长虹影城', '010-84014100', '东城区东四隆福寺街75号', '距东四站约224米');
INSERT INTO `address` VALUES ('39', '玛德琳情侣酒店', '010-56142123', '朝阳区惠新里高原街甲10-2号（近醉雅餐厅）', '距惠新西街北口站约900米');
INSERT INTO `address` VALUES ('40', '汉庭快捷酒店', '010-67016677', '东城区永定门东街2号南楼（南二环玉蜓桥辅路往西200米）', '距蒲黄榆站约917米');
INSERT INTO `address` VALUES ('41', '心动主题酒店', '010-88505800', '朝阳区新源街45-1号（燕莎桥向西500米第一个红绿灯右拐京客隆旁边）', '距亮马桥站约568米');
INSERT INTO `address` VALUES ('42', '华沿酒店', '010-88953666', '丰台区南三环万柳桥南100米（纪家庙地铁站B口北100米）', '距纪家庙站约202米');
INSERT INTO `address` VALUES ('43', '玛德琳情侣酒店', '010-56142123', '朝阳区惠新里高原街甲10-2号（近醉雅餐厅）', '距惠新西街北口站约900米');
INSERT INTO `address` VALUES ('44', '世纪星豪酒店', '010-88841399', '海淀区金源购物中心B座地铁10号线长春桥A口向西', '距长春桥站约551米');
INSERT INTO `address` VALUES ('45', '易佰连锁旅店', '010-87584270', '丰台区镇国寺北街草桥生活广场三层', '距角门西站约744米');
INSERT INTO `address` VALUES ('46', '悠悠客栈', '010-80779687', '昌平区龙泽苑小区综合楼北配楼（13号线龙泽站斜对面）', '距龙泽站约35米');
INSERT INTO `address` VALUES ('47', '钻石蓝宝苑宾馆', '010-64415533', '朝阳区胜古中路1号', '距和平西桥站约660米');
INSERT INTO `address` VALUES ('48', '行宫国际酒店', '010-52699999', '朝阳区石佛营东里155号', '0');
INSERT INTO `address` VALUES ('49', '诗语圆床主题酒店', '010-56241013', '朝阳区金汇路10号世贸天阶东门北侧世界城', '距东大桥站约506米');
INSERT INTO `address` VALUES ('50', '宁夏大厦', '010-64029030', '东城区安定门内大街分司厅胡同13号', '距安定门站约587米');
INSERT INTO `address` VALUES ('51', '右安大酒店', '010-83550055', '西城区广安门南街70号', '0');
INSERT INTO `address` VALUES ('52', '全聚德', '010-58612288', '广渠门外大街8号(双井桥西南角)', '地铁双井站D口出20米即是');
INSERT INTO `address` VALUES ('53', '火宴山', '010-84783832', '北京市朝阳区阜通东大街6号院4号楼4层4-010区域（方恒购物中心4楼）', '536路至阜通东大街东口站下车即到或乘445/538路公交至望京国际商业中心站下车西行约100米再沿望京小街南行约250米即到');
INSERT INTO `address` VALUES ('54', '澳门豆捞', '010-65995555', '海淀区中关村大街甲59号文化大厦2楼', '455');
INSERT INTO `address` VALUES ('55', '东来顺', '010-82613959', '海淀大街34号华海大厦2楼(华奥商场对面)', '26路、302路、374路、394路、528路、944支线、528路单向行驶、运通109线、运通110线、运通114线、运通118线；4号线中关村站D口出海龙电子城往西走即到，10号线苏州街站C口出往北到银科大厦往东即到。');
INSERT INTO `address` VALUES ('56', '浮士德', '010-62509667', '科学院南路2号融科资讯中心A座104室', '公交：乘384/384区间/626路公交车至中关村二桥南站下车即是');
INSERT INTO `address` VALUES ('57', 'ROOM北京', '010-85172033', '建国门外大街2号悦·生活PARK LIFE购物中心3楼301-302室(近国贸地铁站C口)', '1路/28路/37路/729路/668路，大北窑西站；地铁信息：地铁1号线/10号线，国贸站（C口出即到）');
INSERT INTO `address` VALUES ('58', '甜风集', '010-51281258', '方庄南路9号谱田大厦512室', '36');
INSERT INTO `address` VALUES ('59', '黑松白鹿', '010-85854508', '北京市朝阳区星火西路19号楼(近姚家园路)', '1');
INSERT INTO `address` VALUES ('60', '孔乙己', '010-67075151', '珠市口东大街6号珍贝大厦2楼(祈年大街口)', '57、715、23、水道子下车');
INSERT INTO `address` VALUES ('61', '怡和春天大酒店', '010-64489911', '北京市朝阳区和平街东土城路12号怡和阳光大厦C座5楼', '567');
INSERT INTO `address` VALUES ('62', '俏江南', '010-65187603', '建国门内大街18号恒基中心商场1楼(近北京站)', '【公交】10路、122路、25路、209路、204路、29.路、20路、203路、434路、403路、457路、420路、59路、638路、 692 路、666路、639路、640路、637路、668路、639路、957路、938路北京站；【地铁】地铁2号线北京站B口');
INSERT INTO `address` VALUES ('63', '蟹老宋', '010-62278243', '高粱桥斜街1号(交大西门斜对面)', '16路; 85路; 86路; 319路; 645路; 651路; 运通103路');
INSERT INTO `address` VALUES ('64', '麻里麻里香锅', '010-68481016', '魏公村路8号院1号楼（理工大学南门）', '乘563/620/运通103路公交车到魏公村路东口站下车，向西步行约220米即是； 乘563/运通103路公交车在魏公村路西口站下车，向东行约380米即是');

-- ----------------------------
-- Table structure for `category`
-- ----------------------------
DROP TABLE IF EXISTS `category`;
CREATE TABLE `category` (
  `id` bigint(20) NOT NULL auto_increment,
  `name` varchar(255) default NULL,
  `picture` varchar(255) default NULL,
  `parent_id` bigint(20) default NULL,
  PRIMARY KEY  (`id`),
  KEY `FK6DD211E40A15D8E` (`parent_id`),
  CONSTRAINT `FK6DD211E40A15D8E` FOREIGN KEY (`parent_id`) REFERENCES `category` (`id`)
) ENGINE=InnoDB DEFAULT CHARSET=utf8;

-- ----------------------------
-- Records of category
-- ----------------------------
INSERT INTO `category` VALUES ('1', '美食', 'static/img/home_food.jpg', null);
INSERT INTO `category` VALUES ('2', 'KTV', 'static/img/home_ktv.jpg', null);
INSERT INTO `category` VALUES ('3', '电影', 'static/img/home_movie.jpg', null);
INSERT INTO `category` VALUES ('4', '酒店', 'static/img/home_hotel.jpg', null);
INSERT INTO `category` VALUES ('9', '火锅', null, '1');
INSERT INTO `category` VALUES ('10', '西餐', null, '1');
INSERT INTO `category` VALUES ('11', '北京菜', null, '1');
INSERT INTO `category` VALUES ('12', '自助', null, '1');
INSERT INTO `category` VALUES ('13', '快餐', null, '1');
INSERT INTO `category` VALUES ('14', '蛋糕甜品', null, '1');
INSERT INTO `category` VALUES ('15', '江浙菜', null, '1');
INSERT INTO `category` VALUES ('16', '川菜', null, '1');

-- ----------------------------
-- Table structure for `feature`
-- ----------------------------
DROP TABLE IF EXISTS `feature`;
CREATE TABLE `feature` (
  `id` bigint(20) NOT NULL auto_increment,
  `featured_picture` varchar(255) default NULL,
  `name` varchar(255) default NULL,
  PRIMARY KEY  (`id`)
) ENGINE=InnoDB DEFAULT CHARSET=utf8;

-- ----------------------------
-- Records of feature
-- ----------------------------
INSERT INTO `feature` VALUES ('1', 'static/img/mianyuyue.png', '免预约');
INSERT INTO `feature` VALUES ('2', 'static/img/xindan.png', '今日新单');
INSERT INTO `feature` VALUES ('3', 'static/img/duotaocan.png', '多套餐');

-- ----------------------------
-- Table structure for `item`
-- ----------------------------
DROP TABLE IF EXISTS `item`;
CREATE TABLE `item` (
  `id` bigint(20) NOT NULL auto_increment,
  `name` varchar(255) default NULL,
  `short_description` varchar(255) default NULL,
  `long_description` varchar(255) default NULL,
  `actual_price` decimal(19,2) default NULL,
  `discount_price` decimal(19,2) default NULL,
  `discount` decimal(19,2) default NULL,
  `area` varchar(255) default NULL,
  `consumed_number` int(11) NOT NULL,
  `create_date` datetime default NULL,
  `start_date` datetime default NULL,
  `end_date` datetime default NULL,
  `address_id` bigint(20) default NULL,
  `category_id` bigint(20) default NULL,
  `main_picture` varchar(255) default NULL,
  `content` varchar(255) default NULL,
  PRIMARY KEY  (`id`),
  KEY `FK22EF33AEB1957A` (`address_id`),
  KEY `FK22EF3320E358BA` (`category_id`),
  CONSTRAINT `FK22EF3320E358BA` FOREIGN KEY (`category_id`) REFERENCES `category` (`id`),
  CONSTRAINT `FK22EF33AEB1957A` FOREIGN KEY (`address_id`) REFERENCES `address` (`id`)
) ENGINE=InnoDB DEFAULT CHARSET=utf8;

-- ----------------------------
-- Records of item
-- ----------------------------
INSERT INTO `item` VALUES ('1', '汉堡王', '汉堡王双人套餐', '仅售38元,最高价值78.5元双人套餐!品质食材,上乘口感!美味层层叠加,快乐随心而动!', '78.50', '38.00', '4.90', '西单', '17162', '2013-07-06 16:54:28', '2013-07-11 00:00:00', '2013-07-31 23:59:59', '1', '13', 'static/img/1.jpg', 'static/img/1a.jpg');
INSERT INTO `item` VALUES ('2', '好伦哥', '好伦哥披萨自助套餐3选1', '仅售43元,价值49元比萨主题餐厅自助餐1位!地道西式热菜,十余品种任你挑选!', '49.00', '43.00', '8.80', '魏公村', '12380', '2013-07-07 10:52:37', '2013-07-01 10:52:30', '2013-08-31 10:52:25', '2', '12', 'static/img/2.jpg', 'static/img/2a.jpg');
INSERT INTO `item` VALUES ('3', '棒约翰比萨', '超值双人套餐首次开团！畅享来自美国的正统美味', '仅售58元，价值138元超值双人套餐！来自美国的经典美味，手工传统饼底，纯正高品质芝士，新鲜足量食材！正统美国味儿首次开团', '138.00', '58.00', '4.20', '北京南站', '1234', '2013-07-07 10:56:26', '2013-07-01 10:56:34', '2013-08-11 10:56:38', '3', '13', 'static/img/3.jpg', 'static/img/3a.jpg');
INSERT INTO `item` VALUES ('4', '耀莱成龙国际影城', '耀莱成龙国际影城(五棵松店)单人影票一张', '仅售25元！价值70元的耀莱成龙国际影城单人影票1张，加10元可兑换价值80元及以上影票一张。', '70.00', '25.00', '3.60', '五棵松', '4323', '2013-07-07 11:28:34', '2013-06-25 11:28:40', '2013-07-30 11:28:45', '4', '3', 'static/img/4.jpg', 'static/img/4a.jpg');
INSERT INTO `item` VALUES ('5', '卢米埃影城', '电影票1张，2D/3D通兑', '仅售28元！最高价值100元的嘉华国际影城电影票1张，2D/3D可兑，赠送食品优惠券1张。4月22日盛装开业~', '100.00', '28.00', '2.80', '将台路', '13340', '2013-07-07 11:32:57', '2013-07-01 11:32:39', '2013-07-31 11:32:53', '5', '3', 'static/img/5.jpg', 'static/img/5a.jpg');
INSERT INTO `item` VALUES ('6', 'CGV星星国际影城', '单人电影票1张，2D/3D可兑', '仅售31元,价值100元单人观影票1张!邻地铁,交通便利!夏季暑期大片,等你来过瘾!', '100.00', '31.00', '3.10', '奥体中心', '12300', '2013-07-07 11:37:52', '2013-06-29 11:37:59', '2013-07-31 11:38:04', '6', '3', 'static/img/6.jpg', 'static/img/6a.jpg');
INSERT INTO `item` VALUES ('7', '麦乐迪KTV', '欢唱套餐！多种时段可选，1张券起唱，最多可欢唱7小时', '仅售80元，最高价值476元的欢唱套餐！多种时段可选，1张券起唱，最多可欢唱7小时！中国首创引进纯手工发烧音响，月坛店重装新颜全新登场！', '476.00', '80.00', '1.70', '中关村', '9542', '2013-07-07 11:51:31', '2013-07-01 11:51:34', '2013-08-30 11:51:37', '7', '2', 'static/img/7.jpg', 'static/img/7a.jpg');
INSERT INTO `item` VALUES ('8', '钱柜', '包厢欢唱券！海量曲库，尽情狂欢，可累计使用！', '仅售59元，价值387元包厢欢唱券！海量曲库，放开歌喉，尽情狂欢！最低2张券起，最高可享6小时欢唱！周一至周日通用，可累计使用！', '387.00', '59.00', '1.50', '朝阳门', '632', '2013-07-07 12:56:59', '2013-07-01 12:57:08', '2013-08-31 12:57:11', '8', '2', 'static/img/8.jpg', 'static/img/8a.jpg');
INSERT INTO `item` VALUES ('9', '温莎KTV', '花园店冰饮欢唱套餐！欢乐团/星乐团2选1，2券可升级！', '仅售158元，价值2897元的花园店冰饮欢唱套餐！专业点唱系统，海量曲库任你唱！', '2897.00', '158.00', '0.50', '紫竹桥', '170', '2013-07-07 13:13:12', '2013-06-05 13:13:24', '2013-07-31 13:13:30', '9', '2', 'static/img/9.jpg', 'static/img/9a.jpg');
INSERT INTO `item` VALUES ('10', '禧龙宾馆', '住宿套餐，大床房/圆床房2选1！糯米券可叠加使用！', '仅售158元，价值258元的住宿套餐，大床房/圆床房2选1！糯米券可叠加使用，到店加10元可升级为电脑房！配套设施齐全，地理位置优越！', '258.00', '158.00', '6.10', '夕照寺', '1638', '2013-07-07 13:20:17', '2013-07-01 13:20:30', '2013-08-31 13:20:34', '10', '2', 'static/img/10.jpg', 'static/img/10a.jpg');
INSERT INTO `item` VALUES ('11', '国汉主题酒店', '志新路店精品主题钟点房！时尚装修，温馨布局，交通便利！', '仅售69元，价值118元志新路店精品主题钟点房！时尚装修、温馨布局，邻近北京八大学府，人文气息浓厚，位置优越，交通便利！', '118.00', '69.00', '5.80', '五道口', '613', '2013-07-07 13:24:19', '2013-07-01 13:24:22', '2013-07-31 13:24:26', '11', '2', 'static/img/11.jpg', 'static/img/11a.jpg');
INSERT INTO `item` VALUES ('12', '和缘宾馆', '标准间/大床房住宿1晚2选1！舒适干净的住宿环境', '仅售138元，价值258元的标准间/大床房住宿1晚2选1！五层西式小洋楼，为您来京旅游，出差提供温馨，舒适，干净的住宿环境！', '258.00', '138.00', '5.30', '安定门', '343', '2013-07-07 13:26:57', '2013-07-01 13:27:00', '2013-07-31 13:27:04', '12', '2', 'static/img/12.jpg', 'static/img/12a.jpg');
INSERT INTO `item` VALUES ('13', '酷姿KTV', '黄金档美食欢唱套餐！3小时欢唱+6菜+1饮品，好歌千百首，欢乐不NG，节假日通用', '仅售139元，价值819元黄金档美食欢唱套餐！3小时欢唱+6菜+1饮品，顶级设备，奢华装修，好歌汇聚于此，欢乐不NG，节假日通用！', '813.00', '139.00', '1.70', '望京', '31', '2013-07-13 10:38:10', '2013-07-01 10:38:15', '2013-07-31 10:38:19', '13', '2', 'static/img/13.jpg', 'static/img/13a.jpg');
INSERT INTO `item` VALUES ('14', '赛乐堡KTV', '欢唱套餐！最高可欢唱9小时，免费自助餐！2店通用！', '仅售49.9元/张，最高价值389元欢唱套餐！最低1张起，最高可欢唱9小时，多种包厢可选，免费自助餐，免费停车！', '189.00', '49.90', '1.30', '五道口', '123', '2013-07-13 10:51:12', '2013-06-10 10:51:22', '2013-07-31 10:51:27', '14', '2', 'static/img/14.jpg', 'static/img/14a.jpg');
INSERT INTO `item` VALUES ('15', '音乐之声', '6人3小时红酒套餐！红酒+免费自助，糯米网3周年倾情奉献！', '仅售148元，价值843元6人3小时红酒套餐！1瓶红酒，白天3小时/包夜8.5小时团购黑白唱！还送免费自助餐，糯米网3周年倾情奉献！', '843.00', '148.00', '1.80', '朝外大街', '2213', '2013-07-13 10:57:45', '2013-06-04 10:58:02', '2013-07-31 10:58:10', '15', '2', 'static/img/15.jpg', 'static/img/15a.jpg');
INSERT INTO `item` VALUES ('16', '麦颂音乐街区量贩式KTV', '超值单人欢唱套餐！京城最大方KTV，欢迎自带酒水', '仅售28元，价值280元超值单人欢唱套餐！喜迎麦颂小六儿“四通桥店”盛装开业，酬宾同贺，不限使用时段！体验京城最大方的KTV，欢迎自带酒水！', '280.00', '28.00', '1.00', '望京', '832', '2013-07-13 10:59:20', '2013-07-01 10:59:15', '2013-07-31 10:59:11', '16', '2', 'static/img/16.jpg', 'static/img/16a.jpg');
INSERT INTO `item` VALUES ('17', '好乐迪KTV', '欢唱券1张！地处繁华商圈，多款时尚主题包房，海量歌库，high翻全场！', '仅售39元，价值540元的欢唱券1张！地处繁华商圈，装修时尚典雅，多款时尚主题包房，海量歌库，尽情狂欢，另有酒水美食套餐可供选择，节假日通用！', '540.00', '39.00', '0.70', '劲松', '254', '2013-07-13 11:08:23', '2013-07-01 11:08:26', '2013-07-31 11:08:30', '17', '2', 'static/img/17.jpg', 'static/img/17a.jpg');
INSERT INTO `item` VALUES ('18', 'agogo自助KTV', '单人欢唱套餐！感受美食与音乐的完美碰撞吧！', '仅售29元，价值128元单人欢唱套餐！最高可享3小时欢唱，含美味午餐，2张券起用！另赠饮料+茶水券！一起来感受美食与音乐的完美碰撞吧！', '128.00', '29.00', '2.30', '朝外大街', '1922', '2013-07-13 11:11:18', '2013-07-01 11:11:21', '2013-07-31 11:11:25', '18', '2', 'static/img/18.jpg', 'static/img/18a.jpg');
INSERT INTO `item` VALUES ('19', '乐界KTV', '超值欢唱套餐！欢唱3小时，全方位视觉新体验，节假日通用！', '仅售48元，价值378元超值欢唱套餐！还有小吃同享，全方位视觉新体验！伴随畅快的节奏，尽享休闲欢乐时刻！', '378.00', '48.00', '1.30', '亚运村', '832', '2013-07-13 14:56:49', '2013-04-12 14:57:04', '2013-08-01 15:04:31', '19', '2', 'static/img/19.jpg', 'static/img/19a.jpg');
INSERT INTO `item` VALUES ('20', '名门会娱乐休闲会所', '欢唱券+酒水套餐！时尚典雅的装修，优质音响设备，任你high翻全场！', '仅售68元，价值586元的欢唱券+酒水套餐！时尚典雅的装修，优质音响设备，海量歌库，任你high翻全场！更有啤酒小吃，畅玩畅饮，欢乐你我共享！', '586.00', '68.00', '1.20', ' 八角', '30', '2013-07-13 15:10:03', '2013-07-05 15:10:10', '2013-10-31 15:10:29', '20', '2', 'static/img/20.jpg', 'static/img/20a.jpg');
INSERT INTO `item` VALUES ('21', '糖潮KTV', '中关村店单人欢唱券！海量曲库，震撼音效，唱歌美食两不误！', '大家爱K歌！热烈庆祝中关村店（原乐圣KTV）盛装开幕。仅售29元/人，价值899元超值单人欢唱券，含免费特色自选香锅、自助凉菜、饮料无限畅饮！', '899.00', '29.00', '0.30', '魏公村', '1618', '2013-07-13 15:16:02', '2013-06-22 15:16:27', '2013-09-30 15:16:33', '21', '2', 'static/img/21.jpg', 'static/img/21a.jpg');
INSERT INTO `item` VALUES ('22', '可乐思KTV', '3小时欢唱套餐！不限时段，不限人数，节假日通用', '仅售50元，价值340元的3小时欢唱套餐！中房/大房2选1，不限时段，不限人数！先进音响设备，海量歌曲，节假日通用！', '340.00', '50.00', '1.50', '劲松', '201', '2013-07-13 15:20:47', '2013-05-01 15:20:56', '2013-09-28 15:21:01', '22', '2', 'static/img/22.jpg', 'static/img/22a.jpg');
INSERT INTO `item` VALUES ('23', '爆米花量贩式KTV', '欢唱券1张！5种时段任选，真正嗨翻天，节假日通用', '仅售19.9元，价值480元欢唱券1张！5种时段任选，真正嗨翻天！不限时段连续欢唱，可叠加使用，约上好友一起来High个够，节假日通用！', '480.00', '19.90', '0.40', '新街口', '1249', '2013-07-13 15:28:28', '2013-06-11 15:28:35', '2013-09-11 15:28:54', '23', '2', 'static/img/23.jpg', 'static/img/23a.jpg');
INSERT INTO `item` VALUES ('24', '月亮人KTV', '下午场欢唱套餐！欢唱6小时，开心不停歇！', '仅售18.6元，价值268元的下午场欢唱套餐！下午场时间段内欢唱6小时，更有搭配啤酒、小吃的升级套餐可供选择，欢唱盛宴，分享快乐！', '268.00', '18.60', '0.70', '六里桥', '275', '2013-07-13 15:31:45', '2013-06-26 15:31:50', '2013-09-24 15:31:58', '24', '2', 'static/img/24.jpg', 'static/img/24a.jpg');
INSERT INTO `item` VALUES ('25', '多佐KTV', '最高3小时欢唱套餐！时尚奢华的娱乐空间，精致美味的泰式料理', '仅售39元，最高价值436元最高3小时欢唱套餐！时尚奢华的娱乐空间，精致美味的泰式料理！超长有效期，更多选择，更多乐趣！糯米券可累积使用！', '436.00', '39.00', '0.90', '双井', '682', '2013-07-13 15:35:06', '2013-07-01 15:35:10', '2013-07-30 15:35:16', '25', '2', 'static/img/25.jpg', 'static/img/25a.jpg');
INSERT INTO `item` VALUES ('26', '嘉华国际影城', '单人电影票1张，赠送食品优惠券，节假日通用', '仅售30元！价值80元的嘉华国际影城单人电影票1张，无需预约，到店另付5元可升级为3D影票。', '80.00', '30.00', '3.80', '五道口', '8147', '2013-07-13 15:47:33', '2013-07-01 15:47:39', '2013-08-15 15:47:44', '26', '3', 'static/img/26.png', 'static/img/26a.png');
INSERT INTO `item` VALUES ('27', '博纳国际影城', '电影票1张，2D/3D可兑', '仅售31元！最高价值90元的博纳国际影城电影票1张，2D/3D可兑。', '90.00', '31.00', '3.40', '方庄', '20170', '2013-07-13 16:06:05', '2013-07-01 16:06:08', '2013-08-31 16:06:21', '27', '3', 'static/img/27.png', 'static/img/27a.png');
INSERT INTO `item` VALUES ('28', '美嘉欢乐影城', '仅售43元', '仅售43元！最高价值80元的由猫眼电影提供的美嘉欢乐影城（中关村店）2D电子兑换券1张。如遇特殊限价影片需补差价，周末及法定节假日通用。', '80.00', '43.00', '5.40', '中关村', '15897', '2013-07-05 11:50:58', '2013-07-14 11:51:02', '2013-07-31 11:51:06', '28', '3', 'static/img/28.png', 'static/img/28a.png');
INSERT INTO `item` VALUES ('29', '卢米埃影城', '仅售32元', '仅售32元！最高价值120元的卢米埃影城电影票1张，2D/3D通兑。', '120.00', '32.00', '2.70', '朝外大街', '1732', '2013-07-14 11:53:23', '2013-07-16 11:53:28', '2013-07-26 11:53:32', '29', '3', 'static/img/29.png', 'static/img/29a.png');
INSERT INTO `item` VALUES ('30', '中影国际影城', '《速度与激情6》观影需补齐差', '仅售26.6元！最高价值55元的中影国际影城电影票1张，2D/3D可兑，《速度与激情6》观影需补齐差价10元。', '55.00', '26.00', '4.80', '回龙观', '2477', '2013-07-14 11:54:54', '2013-07-16 11:54:57', '2013-07-31 11:55:02', '30', '3', 'static/img/30.png', 'static/img/30a.png');
INSERT INTO `item` VALUES ('31', '爱电影网星美国际影城', '2013年6月10日-12日需到店另付10元', '仅售39.8元！价值80元的星美国际影城2D体验票1张。爱电影网全国首发，无需预约，2013年6月10日-12日需到店另付10元。', '80.00', '40.00', '5.00', '北京', '2333', '2013-07-14 11:56:10', '2013-07-14 11:56:13', '2013-07-31 11:56:15', '31', '3', 'static/img/31.png', 'static/img/31a.png');
INSERT INTO `item` VALUES ('32', '海航天宝国际影城', '凭影票可享受2小时免费停车', '仅售29.9元！最高价值100元的海航天宝国际影城电影票1张，2D/3D可兑，无需预约，商家提供充足停车位，凭影票可享受2小时免费停车。', '100.00', '29.90', '3.00', '亚运村', '8377', '2013-07-14 11:57:23', '2013-07-15 11:57:27', '2013-07-26 11:57:31', '32', '3', 'static/img/32.png', 'static/img/32a.png');
INSERT INTO `item` VALUES ('33', '新华国际影城', '周六日及8月13日观影需到店另付10元/张', '仅售26元！最高价值80元的新华国际影城电影票1张，2D/3D可兑，赠送卖品优惠券1张，周六日及8月13日观影需到店另付10元/张。', '80.00', '26.00', '3.30', '黄村', '1300', '2013-07-14 11:58:37', '2013-07-14 11:58:40', '2013-07-29 11:58:43', '33', '3', 'static/img/33.png', 'static/img/33a.png');
INSERT INTO `item` VALUES ('34', 'E票网', '东都、耀莱五棵松通兑', '仅售37.5元！最高价值100元的E票网19家电影院2D单人影票，均不需补差价，需先在E票网兑换电影通兑券，5家星美、5家博纳、6家17.5今典、中影、东都、耀莱五棵松通兑！', '100.00', '38.00', '3.80', '五棵松', '3664', '2013-07-14 12:00:05', '2013-07-14 12:00:08', '2013-07-31 12:00:11', '34', '3', 'static/img/34.png', 'static/img/34a.png');
INSERT INTO `item` VALUES ('35', '嘉华国际影城', '4月22日盛装开业~', '仅售28元！最高价值100元的嘉华国际影城电影票1张，2D/3D可兑，赠送食品优惠券1张。4月22日盛装开业~', '100.00', '28.00', '2.80', '姚家园', '14491', '2013-07-14 12:01:07', '2013-07-14 12:01:10', '2013-07-31 12:01:13', '35', '3', 'static/img/35.png', 'static/img/35a.png');
INSERT INTO `item` VALUES ('36', '保利望京DMC国际影城', '最高价值100元的保利望京DMC国际影城电影票1张', '仅售27元！最高价值100元的保利望京DMC国际影城电影票1张，2D/3D可兑，VIP厅所有影片需使用2个优惠码，如遇限价片需到店另付差价', '100.00', '27.00', '2.70', '朝阳区', '1433', '2013-07-14 12:02:12', '2013-07-14 12:02:15', '2013-07-31 12:02:18', '36', '3', 'static/img/36.png', 'static/img/36a.png');
INSERT INTO `item` VALUES ('37', '奥斯卡国际影城', '地铁六号线东大桥站（A口）出口即到', '仅售21元！最高价值90元的奥斯卡影城电影票1张（2D/3D可兑）或双人美食套餐1份，让您的观影之旅更美味！影票、美食随心选！超长有效期，地铁六号线东大桥站（A口）出口即到！', '90.00', '21.00', '2.30', '朝外大街', '3112', '2013-07-14 12:03:18', '2013-07-14 12:03:22', '2013-07-31 12:03:24', '37', '3', 'static/img/37.png', 'static/img/37a.png');
INSERT INTO `item` VALUES ('38', '长虹影城', '仅售23元！最高价值80元的长虹影城电影票1张', '仅售23元！最高价值80元的长虹影城电影票1张，2D/3D可兑。全天免费停车，无需预约，不限时段全场兑换！', '80.00', '23.00', '2.90', '东城区', '1299', '2013-07-14 12:04:24', '2013-07-14 12:04:28', '2013-07-25 12:04:31', '38', '3', 'static/img/38.png', 'static/img/38a.png');
INSERT INTO `item` VALUES ('39', '玛德琳情侣酒店', '仅售199元！最高价值359元的玛德琳情侣酒店入住1', '仅售199元！最高价值359元的玛德琳情侣酒店入住1晚，房型10选1，美团券可叠加使用，免费WiFi。周五、周六需到店另付50元。美丽邂逅，浪漫相约，情至，勇敢爱！', '359.00', '199.00', '5.50', '对外经贸', '130', '2013-07-13 16:47:51', '2013-07-10 16:47:55', '2013-09-17 16:47:59', '39', '4', 'static/img/39.png', 'static/img/39a.png');
INSERT INTO `item` VALUES ('40', '汉庭快捷酒店', '仅售199元！最高价值429元的汉庭快捷酒店入住1晚', '仅售199元！最高价值429元的汉庭快捷酒店入住1晚（房型18选1），到店补40元/天差价可享，汉庭广渠门店：双床房/国贸店：高级大床房/国贸双井店：双床房3选1，毗邻国贸、CBD、朝阳大悦城、木樨园、广渠门、双井、劲松、天坛、北京站、北京南站、华贸等商圈，地铁1号、5号、6号线、10号线可达。精心为您挑选的优质连锁酒店，均地处北京各商圈、交通要道，轻松享受小长假~', '429.00', '199.00', '4.60', '14店通用', '1718', '2013-07-13 16:57:24', '2013-07-09 16:57:29', '2013-08-30 16:57:33', '40', '4', 'static/img/40.png', 'static/img/40a.png');
INSERT INTO `item` VALUES ('41', '心动主题酒店', '仅售229元！最高价值419元的心动主题酒店住宿1晚', '仅售229元！最高价值419元的心动主题酒店住宿1晚（时尚精品房/时尚卡通房2选1），美团券可叠加使用，免费提供WiFi，加价50元可升级为数码商务大床房/创意圆床房/风尚圆床房3选1。', '419.00', '229.00', '5.50', '使馆区', '297', '2013-07-13 17:08:55', '2013-07-08 17:08:58', '2013-07-31 17:09:03', '41', '4', 'static/img/41.png', 'static/img/41a.png');
INSERT INTO `item` VALUES ('42', '华沿酒店', '仅售198元！价值1188元的华沿酒店住宿1晚', '仅售198元！价值1188元的华沿酒店住宿1晚（大床房/双床房2选1），免费提供WiFi，温馨舒适。', '1188.00', '198.00', '1.70', '夏家胡同', '413', '2013-07-13 17:10:39', '2013-07-14 17:10:42', '2013-09-30 17:10:47', '42', '4', 'static/img/42.png', 'static/img/42a.png');
INSERT INTO `item` VALUES ('43', '玛德琳情侣酒店', '仅售299元！价值419元的玛德琳情侣酒店入住1晚', '仅售299元！价值419元的玛德琳情侣酒店入住1晚，房型8选1，美团券可叠加使用，免费WiFi。周五、周六需到店另付50元。美丽邂逅，浪漫相约，情至，勇敢爱！', '419.00', '299.00', '7.10', '对外经贸', '30', '2013-07-13 17:13:07', '2013-07-14 17:13:10', '2013-08-10 17:13:17', '43', '4', 'static/img/43.png', 'static/img/43a.png');
INSERT INTO `item` VALUES ('44', '世纪星豪酒店', '仅售288元！价值1288元的世纪星豪酒店商务大床房入住1晚', '仅售288元！价值1288元的世纪星豪酒店商务大床房入住1晚，美团券可叠加使用。', '1288.00', '288.00', '2.20', '远大路', '1171', '2013-07-13 17:14:57', '2013-07-28 17:15:02', '2013-08-25 17:15:05', '44', '4', 'static/img/44.png', 'static/img/44a.png');
INSERT INTO `item` VALUES ('45', '易佰连锁旅店', '仅售99元！价值200元的易佰连锁旅店住宿1晚', '仅售99元！价值200元的易佰连锁旅店住宿1晚（大床房），免费宽带，温馨入住，请登录官网提前预定。交通便利、温馨舒适，多城多店，地处繁华，交通便利，精致的装修，舒适的布局，周到的服务，带给您温馨的住宿体验。', '200.00', '99.00', '5.00', '多城市', '11', '2013-07-13 17:16:49', '2013-08-01 17:16:55', '2013-08-31 17:17:01', '45', '4', 'static/img/45.png', 'static/img/45a.png');
INSERT INTO `item` VALUES ('46', '悠悠客栈', '住宿1晚，2种房型可选，可升级，美团券可叠加使用', '仅售198元！价值418元的悠悠客栈住宿1晚（舒适房/特色房2选1），周五、周六到店需另付30元，可升级，免费提供WiFi，美团券可叠加使用。每一个房间都有一个设计新意，新概念主题客栈40间客房40种不同体验，私密的空间带给你舒适的休闲之选~', '418.00', '198.00', '4.70', '回龙观', '259', '2013-07-14 10:51:06', '2013-05-11 10:51:11', '2013-08-11 10:51:19', '46', '4', 'static/img/46.png', 'static/img/46a.png');
INSERT INTO `item` VALUES ('47', '钻石蓝宝苑宾馆', '住宿1晚，房型2选1，免费提供WiFi', '仅售248元！价值558元的钻石蓝宝苑宾馆住宿1晚（大床房/标间2选1），免费提供WiFi~', '558.00', '248.00', '4.40', '安贞', '44', '2013-07-14 10:53:12', '2013-07-13 10:53:23', '2013-07-15 10:53:28', '47', '4', 'static/img/47.png', 'static/img/47a.png');
INSERT INTO `item` VALUES ('48', '行宫国际酒店', '仅售898元！', '仅售898元！价值4980元的行宫国际酒店王爷府住宿1晚，提供免费矿泉水，美团券可叠加使用。商家提供免费停车位及免费Wifi~', '4980.00', '898.00', '1.90', '石佛营', '555', '2013-07-14 10:55:00', '2013-06-13 10:55:05', '2013-08-29 10:55:14', '48', '4', 'static/img/48.png', 'static/img/48a.png');
INSERT INTO `item` VALUES ('49', '诗语圆床主题酒店', '仅售499元！价值798元的诗语圆床主题酒店主题豪华房住宿1晚。', '仅售499元！价值798元的诗语圆床主题酒店主题豪华房住宿1晚。含室内免费游泳、健身，美团券可累计使用。体验都市繁华生活，我在这里，你在哪？', '798.00', '499.00', '6.30', '国贸', '234', '2013-07-14 10:56:41', '2013-07-17 10:56:44', '2013-08-08 10:56:52', '49', '4', 'static/img/49.png', 'static/img/49a.png');
INSERT INTO `item` VALUES ('50', '宁夏大厦', '仅售338元！价值960元的宁夏大厦住宿1晚', '仅售338元！价值960元的宁夏大厦住宿1晚，免费宽带+免费矿泉水2瓶，美团券可叠加使用。酒店坐落于安定门内大街和分司厅胡同交叉口，邻近雍和宫、南锣鼓巷、钟鼓楼、地坛公园、北京故宫、国子监、北京孔庙等历史古迹，簋街、后海是您用餐的好去处，步行5分钟即到地铁二号线安定门站，交通便利。', '960.00', '338.00', '3.50', '安定门', '104', '2013-05-10 10:58:35', '2013-05-23 10:58:44', '2013-12-31 10:58:52', '50', '4', 'static/img/50.png', 'static/img/50a.png');
INSERT INTO `item` VALUES ('51', '右安大酒店', '仅售298元！价值1288元的右安大酒店住宿1晚', '仅售298元！价值1288元的右安大酒店住宿1晚（大床房/标准房2选1），美团券可叠加使用。', '1288.00', '298.00', '2.30', '广内大街', '330', '2013-04-08 11:00:16', '2013-04-16 11:00:23', '2013-07-30 11:00:30', '51', '4', 'static/img/51.png', 'static/img/51a.png');
INSERT INTO `item` VALUES ('52', '全聚德', '仅售398元，价值582元双井店烤鸭+素菜5人餐！', '仅售398元，价值582元双井店烤鸭+素菜5人餐！传承百年经典技艺，著名老字号新春奉献！素菜加烤鸭，让健康常在！', '582.00', '398.00', '6.80', '双井', '1036', '2013-02-06 11:20:39', '2013-02-21 11:20:49', '2013-09-28 11:20:58', '52', '11', 'static/img/52.jpg', 'static/img/52a.jpg');
INSERT INTO `item` VALUES ('53', '火宴山', '仅售58元，价值68元单人晚餐火锅自助！', '仅售58元，价值68元单人晚餐火锅自助！', '68.00', '58.00', '8.50', '方恒', '9417', '2013-06-12 11:22:52', '2013-07-02 11:22:58', '2013-08-16 11:23:04', '53', '12', 'static/img/53.jpg', 'static/img/53a.jpg');
INSERT INTO `item` VALUES ('54', '澳门豆捞', '仅售78元，价值100元的代金券1张！', '仅售78元，价值100元的代金券1张！饕客盛赞的全国标志性豆捞名店，一流服务，五星体验，十分满意！直抵现金，可无限累加使用，27地区148家店联动！', '100.00', '78.00', '7.80', '中关村', '867', '2013-06-12 11:24:59', '2013-07-04 11:25:05', '2013-12-11 11:25:10', '54', '9', 'static/img/54.jpg', 'static/img/54a.jpg');
INSERT INTO `item` VALUES ('55', '东来顺', '仅售168元', '仅售168元，价值484元的4-5人火锅套餐！中华老字号，传统风味涮羊肉，始于1903年，元旦、春节假日通用', '586.00', '267.00', '3.50', '中关村', '342', '2013-05-15 11:26:51', '2013-06-04 11:26:58', '2013-07-31 11:27:05', '55', '9', 'static/img/55.jpg', 'static/img/55a.jpg');
INSERT INTO `item` VALUES ('56', '浮士德', '仅售198元，价值914元的幸福双人餐！', '仅售198元，价值914元的幸福双人餐！十年店庆，回馈幸福！老牌法式西餐厅，地道法式美味！牵手浮士德，感觉多一点美好！', '914.00', '198.00', '2.20', '中关村', '234', '2013-07-14 11:28:35', '2013-07-23 11:28:42', '2013-08-22 11:28:46', '56', '10', 'static/img/56.jpg', 'static/img/56a.jpg');
INSERT INTO `item` VALUES ('57', 'ROOM北京', '仅售298元，最高价值866.8元双人晚餐！', '仅售298元，最高价值866.8元双人晚餐！高端艺术设计，各式奇思创意，天然食材与自然之味和谐地融为一体，为您送上美食的艺术！', '866.00', '298.00', '3.40', '国贸', '88', '2013-03-14 11:29:58', '2013-03-31 11:30:04', '2013-07-27 11:30:12', '57', '10', 'static/img/57.jpg', 'static/img/57a.jpg');
INSERT INTO `item` VALUES ('58', '】甜风集', '仅售99元，价值188元经典蛋糕4选1！', '仅售99元，价值188元经典蛋糕4选1！奶油丝滑，入口即化，蛋糕绵软，感受夏天里的独一份甜蜜！五环内免费配送，另赠代金券1张！', '188.00', '99.00', '5.30', '方庄', '455', '2013-07-02 11:31:23', '2013-07-05 11:31:28', '2013-07-31 11:31:32', '58', '14', 'static/img/58.jpg', 'static/img/58a.jpg');
INSERT INTO `item` VALUES ('59', '黑松白鹿', '仅售148元，价值198元泛海店工作日单人午餐自助！', '仅售148元，价值198元泛海店工作日单人午餐自助！京城人气和风料理店，百余种丰富料理，三文鱼、铁板烧等无限量供应，精致味觉宠爱你的味蕾！', '198.00', '148.00', '7.50', '朝阳公园', '751', '2013-06-11 11:32:50', '2013-06-25 11:32:57', '2013-07-25 11:33:08', '59', '12', 'static/img/59.jpg', 'static/img/59a.jpg');
INSERT INTO `item` VALUES ('60', '孔乙己', '仅售888元，价值2188元天坛店8-10人套餐！', '仅售888元，价值2188元天坛店8-10人套餐！午餐晚餐通用，菜肴丰富，口味鲜美，咸淡适中，清新淡雅，在传统的江南水乡的氛围中感受特色乌镇文化！', '2188.00', '888.00', '4.10', '天坛', '9', '2013-01-22 11:34:24', '2013-02-05 11:34:31', '2013-11-21 11:34:36', '60', '15', 'static/img/60.jpg', 'static/img/60a.jpg');
INSERT INTO `item` VALUES ('61', '怡和春天大酒店', '仅售498元，价值982元的和平里店6人套餐！', '仅售498元，价值982元的和平里店6人套餐！五星级餐饮名店，特聘各大菜系名厨，荟萃江南美食文化精髓！节假日通用！', '982.00', '498.00', '5.10', '左家庄', '9', '2013-07-03 11:35:50', '2013-07-06 11:35:55', '2013-08-28 11:35:59', '61', '15', 'static/img/61.jpg', 'static/img/61a.jpg');
INSERT INTO `item` VALUES ('62', '俏江南', '仅售298元，最高价值1042元恒基中心店4人套餐2选1！', '仅售298元，最高价值1042元恒基中心店4人套餐2选1！全球品质，中国气质，浓情时刻欢聚俏江南，2款超值美味提供更多选择！', '1042.00', '298.00', '2.90', '建国门', '1465', '2013-07-04 11:37:06', '2013-07-06 11:37:10', '2013-08-15 11:37:14', '62', '16', 'static/img/62.jpg', 'static/img/62a.jpg');
INSERT INTO `item` VALUES ('63', '蟹老宋', '仅售79元，价值100元代金券1张！', '仅售79元，价值100元代金券1张！醇鲜香辣，演绎正宗北荆楚风味！全场通用，可叠加使用，满足你的美食欲望！节假日通用！', '100.00', '79.00', '7.90', '高粱桥', '16', '2013-02-14 11:38:31', '2013-06-20 11:38:37', '2013-07-27 11:38:45', '63', '16', 'static/img/63.jpg', 'static/img/63a.jpg');
INSERT INTO `item` VALUES ('64', '麻里麻里香锅', '仅售59元，最高价值167元双人套餐！！鲜香麻辣，入口清香，停不下的川辣美味', '仅售59元，最高价值167元双人套餐！！鲜香麻辣，入口清香，停不下的川辣美味，享不停的丰盛食材！食在中国，味在麻里，搭配出属于你的好味道！', '167.00', '59.00', '3.50', '魏公村', '464', '2013-06-10 11:40:39', '2013-07-08 11:40:45', '2013-07-11 11:40:49', '64', '9', 'static/img/64.jpg', 'static/img/64a.jpg');

-- ----------------------------
-- Table structure for `item_detail`
-- ----------------------------
DROP TABLE IF EXISTS `item_detail`;
CREATE TABLE `item_detail` (
  `id` bigint(20) NOT NULL auto_increment,
  `item_content` varchar(255) default NULL,
  `price` decimal(19,2) default NULL,
  `number` int(11) NOT NULL,
  `original_total_price` decimal(19,2) default NULL,
  `item_id` bigint(20) default NULL,
  PRIMARY KEY  (`id`),
  KEY `FKD3A08164EB7A049A` (`item_id`),
  CONSTRAINT `FKD3A08164EB7A049A` FOREIGN KEY (`item_id`) REFERENCES `item` (`id`)
) ENGINE=InnoDB DEFAULT CHARSET=utf8;

-- ----------------------------
-- Records of item_detail
-- ----------------------------
INSERT INTO `item_detail` VALUES ('1', '皇堡', '21.00', '1', '21.00', '1');
INSERT INTO `item_detail` VALUES ('2', '嫩烤鸡腿堡', '18.00', '1', '18.00', '1');
INSERT INTO `item_detail` VALUES ('3', '中可乐', '10.00', '2', '20.00', '1');
INSERT INTO `item_detail` VALUES ('4', '中薯条', '7.00', '1', '7.00', '1');
INSERT INTO `item_detail` VALUES ('5', '原味鸡柳', '10.00', '1', '10.00', '1');
INSERT INTO `item_detail` VALUES ('6', '自助餐', '43.00', '1', '49.00', '2');
INSERT INTO `item_detail` VALUES ('7', '超级棒约翰（传统）', '70.00', '1', '70.00', '3');
INSERT INTO `item_detail` VALUES ('8', 'BBQ鸡翅', '26.00', '1', '26.00', '3');
INSERT INTO `item_detail` VALUES ('9', '芝士条', '18.00', '1', '18.00', '3');
INSERT INTO `item_detail` VALUES ('10', '可口可乐', '12.00', '2', '24.00', '3');
INSERT INTO `item_detail` VALUES ('11', '单人观影票一张', '70.00', '1', '25.00', '4');
INSERT INTO `item_detail` VALUES ('12', '单人观影票一张', '100.00', '1', '28.00', '5');
INSERT INTO `item_detail` VALUES ('13', '单人观影票一张', '100.00', '1', '31.00', '6');
INSERT INTO `item_detail` VALUES ('14', '标间（2张单人床）或大床房（1张双床房）', '258.00', '1', '138.00', '12');
INSERT INTO `item_detail` VALUES ('15', '精品主题钟点房（09:30-16:00，任选4小时）', '118.00', '1', '69.00', '11');
INSERT INTO `item_detail` VALUES ('16', '大床房/圆床房2选1', '289.00', '1', '158.00', '10');
INSERT INTO `item_detail` VALUES ('17', '欢唱', '476.00', '1', '80.00', '7');
INSERT INTO `item_detail` VALUES ('18', '欢唱', '2897.00', '1', '158.00', '8');
INSERT INTO `item_detail` VALUES ('19', '欢唱', '387.00', '1', '59.00', '9');
INSERT INTO `item_detail` VALUES ('20', '24:00-次日09:00任选3小时欢唱', '368.00', '2', '736.00', '13');
INSERT INTO `item_detail` VALUES ('22', '周一至周日09:00-18:00任选3小时欢唱', '32.00', '1', '32.00', '13');
INSERT INTO `item_detail` VALUES ('23', '欢唱', '33.00', '1', '33.00', '14');
INSERT INTO `item_detail` VALUES ('24', '欢唱', '476.00', '1', '80.00', '15');
INSERT INTO `item_detail` VALUES ('25', '欢唱', '2897.00', '1', '158.00', '16');
INSERT INTO `item_detail` VALUES ('26', '欢唱', '387.00', '1', '59.00', '17');
INSERT INTO `item_detail` VALUES ('27', '欢唱', '476.00', '1', '80.00', '18');
INSERT INTO `item_detail` VALUES ('28', '欢唱', '2897.00', '1', '158.00', '19');
INSERT INTO `item_detail` VALUES ('29', '欢唱', '387.00', '1', '59.00', '20');
INSERT INTO `item_detail` VALUES ('30', '欢唱', '38.00', '1', '54.00', '21');
INSERT INTO `item_detail` VALUES ('31', '欢唱', '38.00', '1', '54.00', '22');
INSERT INTO `item_detail` VALUES ('32', '欢唱', '38.00', '1', '54.00', '23');
INSERT INTO `item_detail` VALUES ('33', '欢唱', '38.00', '1', '54.00', '24');
INSERT INTO `item_detail` VALUES ('34', '欢唱', '38.00', '1', '54.00', '25');
INSERT INTO `item_detail` VALUES ('35', '单人观影票一张', '70.00', '1', '25.00', '26');
INSERT INTO `item_detail` VALUES ('36', '单人观影票一张', '100.00', '1', '28.00', '27');
INSERT INTO `item_detail` VALUES ('37', '单人观影票一张', '100.00', '1', '31.00', '28');
INSERT INTO `item_detail` VALUES ('38', '单人观影票一张', '70.00', '1', '25.00', '29');
INSERT INTO `item_detail` VALUES ('39', '单人观影票一张', '100.00', '1', '28.00', '30');
INSERT INTO `item_detail` VALUES ('40', '单人观影票一张', '100.00', '1', '31.00', '31');
INSERT INTO `item_detail` VALUES ('41', '单人观影票一张', '70.00', '1', '25.00', '32');
INSERT INTO `item_detail` VALUES ('42', '单人观影票一张', '100.00', '1', '28.00', '33');
INSERT INTO `item_detail` VALUES ('43', '单人观影票一张', '100.00', '1', '31.00', '34');
INSERT INTO `item_detail` VALUES ('44', '单人观影票一张', '70.00', '1', '25.00', '35');
INSERT INTO `item_detail` VALUES ('45', '单人观影票一张', '100.00', '1', '28.00', '36');
INSERT INTO `item_detail` VALUES ('46', '单人观影票一张', '100.00', '1', '31.00', '37');
INSERT INTO `item_detail` VALUES ('47', '单人观影票一张', '100.00', '1', '31.00', '38');
INSERT INTO `item_detail` VALUES ('48', '标间（2张单人床）或大床房（1张双床房）', '258.00', '1', '138.00', '39');
INSERT INTO `item_detail` VALUES ('49', '精品主题钟点房（09:30-16:00，任选4小时）', '118.00', '1', '69.00', '40');
INSERT INTO `item_detail` VALUES ('50', '大床房/圆床房2选1', '289.00', '1', '158.00', '41');
INSERT INTO `item_detail` VALUES ('51', '标间（2张单人床）或大床房（1张双床房）', '258.00', '1', '138.00', '42');
INSERT INTO `item_detail` VALUES ('52', '精品主题钟点房（09:30-16:00，任选4小时）', '118.00', '1', '69.00', '43');
INSERT INTO `item_detail` VALUES ('53', '大床房/圆床房2选1', '289.00', '1', '158.00', '44');
INSERT INTO `item_detail` VALUES ('54', '标间（2张单人床）或大床房（1张双床房）', '258.00', '1', '138.00', '45');
INSERT INTO `item_detail` VALUES ('55', '精品主题钟点房（09:30-16:00，任选4小时）', '118.00', '1', '69.00', '46');
INSERT INTO `item_detail` VALUES ('56', '大床房/圆床房2选1', '289.00', '1', '158.00', '47');
INSERT INTO `item_detail` VALUES ('57', '大床房/圆床房2选1', '289.00', '1', '158.00', '48');
INSERT INTO `item_detail` VALUES ('58', '大床房/圆床房2选1', '289.00', '1', '158.00', '49');
INSERT INTO `item_detail` VALUES ('59', '大床房/圆床房2选1', '289.00', '1', '158.00', '50');
INSERT INTO `item_detail` VALUES ('60', '大床房/圆床房2选1', '289.00', '1', '158.00', '51');
INSERT INTO `item_detail` VALUES ('61', '葱香烤麸', '28.00', '1', '28.00', '52');
INSERT INTO `item_detail` VALUES ('62', '精品烤鸭', '242.00', '1', '242.00', '52');
INSERT INTO `item_detail` VALUES ('63', '菜汁刀削面', '12.00', '5', '60.00', '52');
INSERT INTO `item_detail` VALUES ('64', '水果,菌菇,野菜特色,丸滑,面点,锅底,酒水,冰鲜,寿司', '68.00', '1', '68.00', '53');
INSERT INTO `item_detail` VALUES ('65', '全场海鲜、菜品、蘸料、全场酒水', '100.00', '1', '100.00', '54');
INSERT INTO `item_detail` VALUES ('66', ' 鲜菌清汤锅底', '128.00', '1', '128.00', '55');
INSERT INTO `item_detail` VALUES ('67', '特级精品肥牛', '48.00', '2', '96.00', '55');
INSERT INTO `item_detail` VALUES ('68', '杂面', '8.00', '1', '8.00', '55');
INSERT INTO `item_detail` VALUES ('69', '传统秘制麻酱小料', '6.00', '5', '30.00', '55');
INSERT INTO `item_detail` VALUES ('70', '法式生牛柳配吉士片生菜佐巴西香草汁', '46.00', '1', '46.00', '56');
INSERT INTO `item_detail` VALUES ('71', '奶油黄金南瓜汤', '36.00', '1', '36.00', '56');
INSERT INTO `item_detail` VALUES ('72', '进口菲力牛排配黑椒汁', '268.00', '1', '268.00', '56');
INSERT INTO `item_detail` VALUES ('73', '黑森林蛋糕', '46.00', '1', '46.00', '56');
INSERT INTO `item_detail` VALUES ('74', '香槟冷汤&香橙西红柿莎莎&鸡尾虾', '130.00', '1', '130.00', '57');
INSERT INTO `item_detail` VALUES ('75', ' 冰菠萝芒果饺子', '70.00', '1', '70.00', '57');
INSERT INTO `item_detail` VALUES ('76', '拉维佳精选干白', '150.00', '1', '150.00', '57');
INSERT INTO `item_detail` VALUES ('77', '3选1:蔓越莓芝士', '188.00', '1', '188.00', '58');
INSERT INTO `item_detail` VALUES ('78', '3选1:蜜豆炼奶抹茶慕斯', '168.00', '1', '168.00', '58');
INSERT INTO `item_detail` VALUES ('79', '3选1:提拉米苏的诱惑', '168.00', '1', '168.00', '58');
INSERT INTO `item_detail` VALUES ('80', '单人午餐自助, 三文鱼、铁板烧等不限量', '198.00', '1', '198.00', '59');
INSERT INTO `item_detail` VALUES ('81', '五香牛肉', '48.00', '1', '48.00', '60');
INSERT INTO `item_detail` VALUES ('82', '黄飞鸿波龙/芝士伊面焗', '716.00', '1', '716.00', '60');
INSERT INTO `item_detail` VALUES ('83', '蒜蓉粉丝蒸扇贝', '380.00', '1', '380.00', '60');
INSERT INTO `item_detail` VALUES ('84', '松茸老鸡汤', '190.00', '1', '190.00', '60');
INSERT INTO `item_detail` VALUES ('85', '杭州酱鸭', '42.00', '1', '42.00', '61');
INSERT INTO `item_detail` VALUES ('86', '野葱干闷肉', '88.00', '1', '88.00', '61');
INSERT INTO `item_detail` VALUES ('87', '西瓜汁', '98.00', '1', '98.00', '61');
INSERT INTO `item_detail` VALUES ('88', '江石滚肥牛', '98.00', '1', '98.00', '62');
INSERT INTO `item_detail` VALUES ('89', '锅巴海三鲜', '68.00', '1', '68.00', '62');
INSERT INTO `item_detail` VALUES ('90', ' 浓汁鱼唇', '136.00', '2', '272.00', '62');
INSERT INTO `item_detail` VALUES ('91', ' 冰糖雪梨润肺茶', '98.00', '1', '98.00', '62');
INSERT INTO `item_detail` VALUES ('92', ' 100元代金券', '100.00', '1', '100.00', '63');
INSERT INTO `item_detail` VALUES ('93', ' 海螺肉', '26.00', '1', '26.00', '64');
INSERT INTO `item_detail` VALUES ('94', ' 北海翅', '10.00', '1', '10.00', '64');
INSERT INTO `item_detail` VALUES ('95', ' 千叶豆腐', '16.00', '1', '16.00', '64');
INSERT INTO `item_detail` VALUES ('96', ' 美极豉油锅底', '15.00', '1', '15.00', '64');

-- ----------------------------
-- Table structure for `item_feature`
-- ----------------------------
DROP TABLE IF EXISTS `item_feature`;
CREATE TABLE `item_feature` (
  `item_id` bigint(11) NOT NULL,
  `feature_id` bigint(11) NOT NULL,
  PRIMARY KEY  (`item_id`,`feature_id`),
  KEY `feature_id` (`feature_id`),
  CONSTRAINT `item_feature_ibfk_1` FOREIGN KEY (`item_id`) REFERENCES `item` (`id`),
  CONSTRAINT `item_feature_ibfk_2` FOREIGN KEY (`feature_id`) REFERENCES `feature` (`id`)
) ENGINE=InnoDB DEFAULT CHARSET=utf8;

-- ----------------------------
-- Records of item_feature
-- ----------------------------
INSERT INTO `item_feature` VALUES ('1', '1');
INSERT INTO `item_feature` VALUES ('2', '1');
INSERT INTO `item_feature` VALUES ('16', '1');
INSERT INTO `item_feature` VALUES ('28', '1');
INSERT INTO `item_feature` VALUES ('32', '1');
INSERT INTO `item_feature` VALUES ('43', '1');
INSERT INTO `item_feature` VALUES ('52', '1');
INSERT INTO `item_feature` VALUES ('59', '1');
INSERT INTO `item_feature` VALUES ('61', '1');
INSERT INTO `item_feature` VALUES ('64', '1');
INSERT INTO `item_feature` VALUES ('1', '2');
INSERT INTO `item_feature` VALUES ('2', '2');
INSERT INTO `item_feature` VALUES ('5', '2');
INSERT INTO `item_feature` VALUES ('9', '2');
INSERT INTO `item_feature` VALUES ('12', '2');
INSERT INTO `item_feature` VALUES ('37', '2');
INSERT INTO `item_feature` VALUES ('47', '2');
INSERT INTO `item_feature` VALUES ('55', '2');
INSERT INTO `item_feature` VALUES ('64', '2');
INSERT INTO `item_feature` VALUES ('3', '3');
INSERT INTO `item_feature` VALUES ('9', '3');
INSERT INTO `item_feature` VALUES ('35', '3');
INSERT INTO `item_feature` VALUES ('44', '3');
INSERT INTO `item_feature` VALUES ('49', '3');
INSERT INTO `item_feature` VALUES ('51', '3');

-- ----------------------------
-- Table structure for `orders`
-- ----------------------------
DROP TABLE IF EXISTS `orders`;
CREATE TABLE `orders` (
  `Id` bigint(20) NOT NULL auto_increment,
  `order_date` datetime NOT NULL,
  `item_id` bigint(20) NOT NULL,
  `user_hulu_id` int(11) NOT NULL,
  `quantity` int(11) NOT NULL default '1',
  PRIMARY KEY  (`Id`),
  KEY `FKC3DF62E5EB7A049A` (`item_id`),
  KEY `FKC3DF62E551B19D70` (`user_hulu_id`),
  CONSTRAINT `FKC3DF62E5EB7A049A` FOREIGN KEY (`item_id`) REFERENCES `item` (`id`),
  CONSTRAINT `orders_ibfk_1` FOREIGN KEY (`user_hulu_id`) REFERENCES `users` (`hulu_id`)
) ENGINE=InnoDB DEFAULT CHARSET=utf8;

-- ----------------------------
-- Records of orders
-- ----------------------------
INSERT INTO `orders` VALUES ('1', '2013-07-07 13:29:41', '1', '2', '2');
INSERT INTO `orders` VALUES ('2', '2013-07-16 13:29:49', '2', '1', '3');
INSERT INTO `orders` VALUES ('3', '2013-07-01 13:30:02', '2', '3', '4');
INSERT INTO `orders` VALUES ('4', '2013-07-09 13:30:14', '3', '4', '5');
INSERT INTO `orders` VALUES ('5', '2013-07-02 13:30:30', '5', '3', '1');
INSERT INTO `orders` VALUES ('6', '2013-07-19 13:30:43', '12', '1', '1');
INSERT INTO `orders` VALUES ('7', '2013-07-31 13:31:00', '8', '5', '1');
INSERT INTO `orders` VALUES ('8', '2013-07-29 14:30:12', '12', '5', '1');
INSERT INTO `orders` VALUES ('9', '2013-07-16 14:31:32', '4', '4', '5');

-- ----------------------------
-- Table structure for `users`
-- ----------------------------
DROP TABLE IF EXISTS `users`;
CREATE TABLE `users` (
  `hulu_id` int(11) NOT NULL auto_increment,
  `credit` int(11) NOT NULL default '0',
  `weibo_id` varchar(255) default NULL,
  `weibo_name` varchar(255) default NULL,
  PRIMARY KEY  (`hulu_id`)
) ENGINE=InnoDB DEFAULT CHARSET=utf8;

-- ----------------------------
-- Records of users
-- ----------------------------
INSERT INTO `users` VALUES ('1', '10', '694819974@qq.com', '武依文');
INSERT INTO `users` VALUES ('2', '20', 'wendyccstar@gmail.com', '陈川');
INSERT INTO `users` VALUES ('3', '30', '15201346014', '刘畅');
INSERT INTO `users` VALUES ('4', '9', 'lolikun@163.com\r\nlolikun@163.com\r\nlolikun@163.com\r\nlolikun@163.com\r\n', '张好困');
INSERT INTO `users` VALUES ('5', '100', 'wk910930@126.com', '王坤');
INSERT INTO `users` VALUES ('6', '21', '930154711@qq.com', '魏善源');
INSERT INTO `users` VALUES ('7', '0', 'princesschenxi@126.com\r\n', '陈希猪脑子');

-- ----------------------------
-- Table structure for `view_record`
-- ----------------------------
DROP TABLE IF EXISTS `view_record`;
CREATE TABLE `view_record` (
  `id` bigint(20) NOT NULL auto_increment,
  `time` datetime default NULL,
  `item_id` bigint(20) default NULL,
  `user_hulu_id` int(11) default NULL,
  PRIMARY KEY  (`id`),
  KEY `FK5EBDB2BEB7A049A` (`item_id`),
  KEY `FK5EBDB2B51B19D70` (`user_hulu_id`),
  CONSTRAINT `FK5EBDB2BEB7A049A` FOREIGN KEY (`item_id`) REFERENCES `item` (`id`),
  CONSTRAINT `view_record_ibfk_1` FOREIGN KEY (`user_hulu_id`) REFERENCES `users` (`hulu_id`)
) ENGINE=InnoDB DEFAULT CHARSET=utf8;

-- ----------------------------
-- Records of view_record
-- ----------------------------
INSERT INTO `view_record` VALUES ('1', '2013-07-01 11:26:05', '1', '1');
INSERT INTO `view_record` VALUES ('2', '2013-07-02 11:26:13', '2', '1');
INSERT INTO `view_record` VALUES ('3', '2013-07-03 11:26:27', '3', '1');
INSERT INTO `view_record` VALUES ('4', '2013-07-01 14:35:45', '12', '3');
INSERT INTO `view_record` VALUES ('5', '2013-07-30 14:35:54', '9', '4');
INSERT INTO `view_record` VALUES ('6', '2013-07-29 14:36:23', '1', '7');
INSERT INTO `view_record` VALUES ('7', '2013-07-22 14:36:38', '10', '4');
